{"stats":{"minecraft:custom":{"minecraft:jump":66,"minecraft:time_since_rest":77,"minecraft:damage_dealt":50,"minecraft:crouch_one_cm":11,"minecraft:play_one_minute":1799,"minecraft:leave_game":1,"minecraft:deaths":1,"minecraft:sprint_one_cm":8937,"minecraft:damage_taken":100,"minecraft:time_since_death":38,"minecraft:walk_one_cm":3030,"minecraft:sneak_time":6,"minecraft:drop":1,"minecraft:fall_one_cm":1982,"minecraft:fly_one_cm":9719},"minecraft:dropped":{"minecraft:birch_sapling":1},"minecraft:mined":{"minecraft:grass":1,"minecraft:birch_leaves":3,"minecraft:oak_leaves":2},"minecraft:picked_up":{"minecraft:birch_sapling":1}},"DataVersion":2586}